{"indexes":[],"parameters":{"allowUserKeys":true,"cacheEnabled":false,"cid":"34","computedValues":null,"deleted":false,"globallyUniqueId":"_appbundles","id":"34","internalValidatorType":0,"isDisjoint":false,"isSmart":false,"isSmartChild":false,"isSystem":true,"keyOptions":{"allowUserKeys":true,"type":"traditional","lastValue":0},"minReplicationFactor":1,"name":"_appbundles","numberOfShards":1,"planId":"34","replicationFactor":1,"schema":null,"shardKeys":["_key"],"shards":{},"status":3,"syncByRevision":true,"type":2,"usesRevisionsAsDocumentIds":true,"version":9,"waitForSync":false,"writeConcern":1}}