{"indexes":[{"id":"59","type":"hash","name":"idx_1799050939066220547","fields":["mount"],"unique":true,"sparse":true,"deduplicate":true,"estimates":true,"cacheEnabled":false}],"parameters":{"allowUserKeys":true,"cacheEnabled":false,"cid":"31","computedValues":null,"deleted":false,"globallyUniqueId":"_apps","id":"31","internalValidatorType":0,"isDisjoint":false,"isSmart":false,"isSmartChild":false,"isSystem":true,"keyOptions":{"allowUserKeys":true,"type":"traditional","lastValue":0},"minReplicationFactor":1,"name":"_apps","numberOfShards":1,"planId":"31","replicationFactor":1,"schema":null,"shardKeys":["_key"],"shards":{},"status":3,"syncByRevision":true,"type":2,"usesRevisionsAsDocumentIds":true,"version":9,"waitForSync":false,"writeConcern":1}}