{"indexes":[],"parameters":{"allowUserKeys":true,"cacheEnabled":false,"cid":"37","computedValues":null,"deleted":false,"globallyUniqueId":"_frontend","id":"37","internalValidatorType":0,"isDisjoint":false,"isSmart":false,"isSmartChild":false,"isSystem":true,"keyOptions":{"allowUserKeys":true,"type":"traditional","lastValue":102645},"minReplicationFactor":1,"name":"_frontend","numberOfShards":1,"planId":"37","replicationFactor":1,"schema":null,"shardKeys":["_key"],"shards":{},"status":3,"syncByRevision":true,"type":2,"usesRevisionsAsDocumentIds":true,"version":9,"waitForSync":false,"writeConcern":1}}