{"indexes":[{"id":"63","type":"skiplist","name":"idx_1799050939066220548","fields":["queue","status","delayUntil"],"unique":false,"sparse":false,"deduplicate":true,"estimates":false,"cacheEnabled":false},{"id":"67","type":"skiplist","name":"idx_1799050939066220549","fields":["status","queue","delayUntil"],"unique":false,"sparse":false,"deduplicate":true,"estimates":false,"cacheEnabled":false}],"parameters":{"allowUserKeys":true,"cacheEnabled":false,"cid":"28","computedValues":null,"deleted":false,"globallyUniqueId":"_jobs","id":"28","internalValidatorType":0,"isDisjoint":false,"isSmart":false,"isSmartChild":false,"isSystem":true,"keyOptions":{"allowUserKeys":true,"type":"traditional","lastValue":0},"minReplicationFactor":1,"name":"_jobs","numberOfShards":1,"planId":"28","replicationFactor":1,"schema":null,"shardKeys":["_key"],"shards":{},"status":3,"syncByRevision":true,"type":2,"usesRevisionsAsDocumentIds":true,"version":9,"waitForSync":false,"writeConcern":1}}