{"indexes":[{"id":"43","type":"hash","name":"idx_1799050939065171968","fields":["user"],"unique":true,"sparse":true,"deduplicate":true,"estimates":true,"cacheEnabled":false}],"parameters":{"allowUserKeys":true,"cacheEnabled":false,"cid":"4","computedValues":null,"deleted":false,"globallyUniqueId":"_users","id":"4","internalValidatorType":0,"isDisjoint":false,"isSmart":false,"isSmartChild":false,"isSystem":true,"keyOptions":{"allowUserKeys":true,"type":"traditional","lastValue":76},"minReplicationFactor":1,"name":"_users","numberOfShards":1,"planId":"4","replicationFactor":1,"schema":null,"shardKeys":["_key"],"shards":{},"status":3,"syncByRevision":true,"type":2,"usesRevisionsAsDocumentIds":true,"version":9,"waitForSync":false,"writeConcern":1}}