{"indexes":[],"parameters":{"allowUserKeys":true,"cacheEnabled":false,"cid":"399","computedValues":null,"deleted":false,"globallyUniqueId":"hD70CDE1A634C/399","id":"399","internalValidatorType":0,"isDisjoint":false,"isSmart":false,"isSmartChild":false,"isSystem":false,"keyOptions":{"allowUserKeys":true,"type":"traditional","lastValue":459936},"minReplicationFactor":1,"name":"instructions","numberOfShards":1,"planId":"399","replicationFactor":1,"schema":null,"shardKeys":["_key"],"shards":{},"status":3,"syncByRevision":true,"type":2,"usesRevisionsAsDocumentIds":true,"version":9,"waitForSync":false,"writeConcern":1}}