{"indexes":[],"parameters":{"allowUserKeys":true,"cacheEnabled":false,"cid":"2170","computedValues":null,"deleted":false,"globallyUniqueId":"hD70CDE1A634C/2170","id":"2170","internalValidatorType":0,"isDisjoint":false,"isSmart":false,"isSmartChild":false,"isSystem":false,"keyOptions":{"allowUserKeys":true,"type":"traditional","lastValue":0},"minReplicationFactor":1,"name":"items","numberOfShards":1,"planId":"2170","replicationFactor":1,"schema":null,"shardKeys":["_key"],"shards":{},"status":3,"syncByRevision":true,"type":2,"usesRevisionsAsDocumentIds":true,"version":9,"waitForSync":false,"writeConcern":1}}