{"indexes":[],"parameters":{"allowUserKeys":true,"cacheEnabled":false,"cid":"243","computedValues":null,"deleted":false,"globallyUniqueId":"hD70CDE1A634C/243","id":"243","internalValidatorType":0,"isDisjoint":false,"isSmart":false,"isSmartChild":false,"isSystem":false,"keyOptions":{"allowUserKeys":true,"type":"traditional","lastValue":0},"minReplicationFactor":1,"name":"players","numberOfShards":1,"planId":"243","replicationFactor":1,"schema":null,"shardKeys":["_key"],"shards":{},"status":3,"syncByRevision":true,"type":2,"usesRevisionsAsDocumentIds":true,"version":9,"waitForSync":false,"writeConcern":1}}