{"indexes":[],"parameters":{"allowUserKeys":true,"cacheEnabled":false,"cid":"346","computedValues":null,"deleted":false,"globallyUniqueId":"hD70CDE1A634C/346","id":"346","internalValidatorType":0,"isDisjoint":false,"isSmart":false,"isSmartChild":false,"isSystem":false,"keyOptions":{"allowUserKeys":true,"type":"traditional","lastValue":1858304},"minReplicationFactor":1,"name":"players_clans","numberOfShards":1,"planId":"346","replicationFactor":1,"schema":null,"shardKeys":["_key"],"shards":{},"status":3,"syncByRevision":true,"type":3,"usesRevisionsAsDocumentIds":true,"version":9,"waitForSync":false,"writeConcern":1}}