{"globallyUniqueId":"hD70CDE1A634C/101161","id":"101161","name":"player_level_view","type":"arangosearch","cleanupIntervalStep":2,"commitIntervalMsec":1000,"consolidationIntervalMsec":1000,"consolidationPolicy":{"type":"tier","segmentsBytesFloor":2097152,"segmentsBytesMax":5368709120,"segmentsMax":10,"segmentsMin":1,"minScore":0},"primarySort":[{"field":"params.level","asc":true}],"primarySortCompression":"lz4","storedValues":[],"writebufferActive":0,"writebufferIdle":64,"writebufferSizeMax":33554432,"links":{"players":{"analyzerDefinitions":[{"name":"identity","type":"identity","properties":{},"features":["frequency","norm"]}],"analyzers":["identity"],"fields":{"online":{},"params":{"fields":{"level":{}}}},"includeAllFields":false,"primarySort":[{"field":"params.level","asc":true}],"primarySortCompression":"lz4","storeValues":"none","storedValues":[],"trackListPositions":false,"version":1}}}