{"indexes":[],"parameters":{"allowUserKeys":true,"cacheEnabled":false,"cid":"143","computedValues":null,"deleted":false,"globallyUniqueId":"hD70CDE1A634C/143","id":"143","internalValidatorType":0,"isDisjoint":false,"isSmart":false,"isSmartChild":false,"isSystem":false,"keyOptions":{"allowUserKeys":true,"type":"traditional","lastValue":955485},"minReplicationFactor":1,"name":"quests","numberOfShards":1,"planId":"143","replicationFactor":1,"schema":null,"shardKeys":["_key"],"shards":{},"status":3,"syncByRevision":true,"type":2,"usesRevisionsAsDocumentIds":true,"version":9,"waitForSync":false,"writeConcern":1}}