{"indexes":[],"parameters":{"allowUserKeys":true,"cacheEnabled":false,"cid":"2136","computedValues":null,"deleted":false,"globallyUniqueId":"hD70CDE1A634C/2136","id":"2136","internalValidatorType":0,"isDisjoint":false,"isSmart":false,"isSmartChild":false,"isSystem":false,"keyOptions":{"allowUserKeys":true,"type":"traditional","lastValue":8984},"minReplicationFactor":1,"name":"recipes","numberOfShards":1,"planId":"2136","replicationFactor":1,"schema":null,"shardKeys":["_key"],"shards":{},"status":3,"syncByRevision":true,"type":3,"usesRevisionsAsDocumentIds":true,"version":9,"waitForSync":false,"writeConcern":1}}