{"indexes":[],"parameters":{"allowUserKeys":true,"cacheEnabled":false,"cid":"18410","computedValues":null,"deleted":false,"globallyUniqueId":"hD70CDE1A634C/18410","id":"18410","internalValidatorType":0,"isDisjoint":false,"isSmart":false,"isSmartChild":false,"isSystem":false,"keyOptions":{"allowUserKeys":true,"type":"traditional","lastValue":18585},"minReplicationFactor":1,"name":"wiki","numberOfShards":1,"planId":"18410","replicationFactor":1,"schema":null,"shardKeys":["_key"],"shards":{},"status":3,"syncByRevision":true,"type":2,"usesRevisionsAsDocumentIds":true,"version":9,"waitForSync":false,"writeConcern":1}}