{"globallyUniqueId":"hD70CDE1A634C/18911","id":"18911","name":"wiki_token_view","type":"arangosearch","cleanupIntervalStep":2,"commitIntervalMsec":1000,"consolidationIntervalMsec":1000,"consolidationPolicy":{"type":"tier","segmentsBytesFloor":2097152,"segmentsBytesMax":5368709120,"segmentsMax":10,"segmentsMin":1,"minScore":0},"primarySort":[{"field":"title","asc":true},{"field":"tags","asc":true}],"primarySortCompression":"lz4","storedValues":[],"writebufferActive":0,"writebufferIdle":64,"writebufferSizeMax":33554432,"links":{"wiki":{"analyzerDefinitions":[{"name":"identity","type":"identity","properties":{},"features":["frequency","norm"]},{"name":"text_en","type":"text","properties":{"locale":"en","case":"lower","stopwords":[],"accent":false,"stemming":true},"features":["frequency","position","norm"]}],"analyzers":["identity"],"fields":{"tags":{"analyzers":["text_en"]},"title":{"analyzers":["text_en"]}},"includeAllFields":false,"primarySort":[{"field":"title","asc":true},{"field":"tags","asc":true}],"primarySortCompression":"lz4","storeValues":"none","storedValues":[],"trackListPositions":false,"version":1}}}